{"units":6657.619875000074,"cursors":1694.1025000000025,"meta_cursors":284.6,"meta_meta_cursors":25}